"prey","n.samples.x","fo.number.x","fo.number.LCL.x","fo.number.UCL.x","fo.percent.x","fo.percent.LCL.x","fo.percent.UCL.x","n.preyitems.x","na.number.x","na.number.LCL.x","na.number.UCL.x","na.percent.x","na.percent.LCL.x","na.percent.UCL.x","na.weighted.x","na.weighted.LCL.x","na.weighted.UCL.x","rank.fo.x","rank.na.x","rank.fo.inv.x","rank.na.inv.x","cum.fo.x","cum.na.x","fo.prim.x","na.prim.x","n.samples.y","fo.number.y","fo.number.LCL.y","fo.number.UCL.y","fo.percent.y","fo.percent.LCL.y","fo.percent.UCL.y","n.preyitems.y","na.number.y","na.number.LCL.y","na.number.UCL.y","na.percent.y","na.percent.LCL.y","na.percent.UCL.y","na.weighted.y","na.weighted.LCL.y","na.weighted.UCL.y","rank.fo.y","rank.na.y","rank.fo.inv.y","rank.na.inv.y","cum.fo.y","cum.na.y","fo.prim.y","na.prim.y"
"Bathylagus sp.",246,1,0,3,0.40650406504065,0,1.21951219512195,4381,1,0,3,0.0228258388495777,0,0.0734054010636166,0.0580720092915215,0,0.174216027874564,1,1,25,27,350.406504065041,100,"non-primary","non-primary",275,1,0,3,0.363636363636364,0,1.09090909090909,3069,1,0,3,0.0325839035516455,0,0.103113185436638,0.012987012987013,0,0.038961038961039,1,2,26,26,256.363636363636,99.9674160964484,"non-primary","non-primary"
"Crustacean",246,1,0,3,0.40650406504065,0,1.21951219512195,4381,1,0,3,0.0228258388495777,0,0.0736869054929794,0.40650406504065,0,1.21951219512195,2,3,26,25,350.813008130081,99.9543483223008,"non-primary","non-primary",275,47,34,61,17.0909090909091,12.3636363636364,22.1818181818182,3069,48,35,62,1.56402737047898,1.07126415594438,2.15817495033753,17.0909090909091,12.3636363636364,22.1818181818182,23,18,5,10,165.818181818182,95.2101661779081,"primary","non-primary"
"Dissostichus eleginoides",246,2,0,5,0.813008130081301,0,2.03252032520325,4381,2,0,5,0.0456516776991554,0,0.116586672683308,0.0407522872221203,0,0.102899525235854,6,4,21,23,348.373983739837,99.8858708057521,"non-primary","non-primary",275,2,0,5,0.727272727272727,0,1.81818181818182,3069,2,0,5,0.065167807103291,0,0.163783537592567,0.0196560196560197,0,0.0491400491400491,5,5,23,23,255.272727272727,99.8696643857934,"non-primary","non-primary"
"Electrona antarctica",246,5,1,9,2.03252032520325,0.40650406504065,3.65853658536585,4381,7,1,14.525,0.159780871947044,0.0236245999337821,0.34165843436235,0.672425474254743,0.0548357046070461,1.59247967479675,12,11,17,18,343.90243902439,99.5206573841589,"non-primary","non-primary",275,14,8,22,5.09090909090909,2.90909090909091,8,3069,67,16,176.525,2.18312153796025,0.502511345728808,5.39546136295257,1.35880368163666,0.529501996711299,2.3911653533218,18,20,10,8,226.181818181818,91.4956011730205,"non-primary","non-primary"
"Electrona carlsbergi",246,100,85,115,40.650406504065,34.5528455284553,46.7479674796748,4381,386,310,478.525,8.810773795937,7.09511840416854,10.8451525816612,10.8705163977978,8.60735710825411,13.5007890228467,24,24,4,4,230.487804878049,81.2828121433463,"primary","primary",275,126,109.475,142.525,45.8181818181818,39.8090909090909,51.8272727272727,3069,630,481.9,809.15,20.5278592375367,16.6522449455752,24.8875983367845,17.6039144620538,14.5387717251849,20.9430023274315,27,25,1,3,45.8181818181818,62.8869338546758,"primary","primary"
"Electrona sp.",246,2,0,5,0.813008130081301,0,2.03252032520325,4381,2,0,5,0.0456516776991554,0,0.114477914821843,0.0222330382949062,0,0.0567843815910443,7,5,22,22,349.186991869919,99.840219128053,"non-primary","non-primary",275,1,0,4,0.363636363636364,0,1.45454545454545,3069,1,0,4,0.0325839035516455,0,0.128778566769938,0.181818181818182,0,0.727272727272727,4,3,24,25,255.636363636364,99.9348321928967,"non-primary","non-primary"
"Electrona subaspera",246,39,28,50,15.8536585365854,11.3821138211382,20.3252032520325,4381,123,67,202.15,2.80757817849806,1.52731602307296,4.55614659503074,3.63108759944283,2.23835126227959,5.26398364148871,22,22,6,6,278.455284552846,92.5131248573385,"primary","non-primary",275,43,32,56,15.6363636363636,11.6363636363636,20.3636363636364,3069,216,136.475,325.525,7.03812316715543,4.54902598031103,10.2442759306557,5.75424261091858,3.99492319836107,7.81243277178773,21,23,6,5,181.454545454545,78.8856304985337,"primary","primary"
"Gymnoscopelus bolini",246,35,24,47.525,14.2276422764228,9.75609756097561,19.3191056910569,4381,70,42.475,107.525,1.59780871947044,0.978148192606265,2.44667425408275,1.87705861149158,1.09553889000854,3.17410070736,21,20,7,8,292.682926829268,95.9370006847752,"non-primary","non-primary",275,28,19,38,10.1818181818182,6.90909090909091,13.8181818181818,3069,66,38,99.525,2.1505376344086,1.26215631037185,3.14990359620582,1.6256114595316,0.887042647971495,2.57827318852369,19,19,9,9,221.090909090909,93.6461388074291,"non-primary","non-primary"
"Gymnoscopelus fraseri",246,79,65.475,93,32.1138211382114,26.6724738675958,37.8048780487805,4381,369,250.95,523.525,8.42273453549418,5.79327557120558,11.362358490566,7.44213875656164,5.73347165155896,9.20066554498337,23,23,5,5,262.60162601626,89.7055466788404,"primary","non-primary",275,59,46,73,21.4545454545455,16.7272727272727,26.5454545454545,3069,275,170.475,410.05,8.96057347670251,5.86865762797427,12.6521502967111,6.62570693353502,4.72158499247757,8.7059204073955,24,24,4,4,148.727272727273,71.8475073313783,"primary","primary"
"Gymnoscopelus nicholsi",246,170,156,186,69.1056910569106,63.4146341463415,75.609756097561,4381,1024,842,1216.1,23.3736589819676,19.9767756205456,26.3595758156285,21.4811077210996,18.8186242880588,24.3349648854636,26,26,2,2,147.967479674797,55.7635243095184,"primary","primary",275,119,103,135,43.2727272727273,37.4545454545455,49.1849701393497,3069,631,470.9,810.35,20.5604431410883,16.3089056175096,24.7760947321854,13.6856601430584,11.1523241404772,16.4926870437291,26,26,2,2,89.0909090909091,42.3590746171391,"primary","primary"
"Gymnoscopelus piabilis",246,194,181,206.525,78.8617886178862,73.5772357723577,83.9532520325203,4381,1419,1214,1668.575,32.3898653275508,28.7451179636357,36.1762776135539,33.0495741840638,29.5856290198292,36.2509374071441,27,27,1,1,78.8617886178862,32.3898653275508,"primary","primary",275,105,90,120,38.1818181818182,32.7272727272727,43.6363636363636,3069,669,472.75,920.525,21.7986314760508,16.6351438089048,28.1636323593153,15.1592395110508,12.1860536380708,18.3500355896851,25,27,3,1,127.272727272727,21.7986314760508,"primary","primary"
"Gymnoscopelus sp.",246,5,1,10,2.03252032520325,0.40650406504065,4.0650406504065,4381,10,2,20,0.228258388495777,0.0446793677734443,0.458923840363346,1.20414019266243,0.143472022955524,2.69712153153944,11,14,16,15,341.869918699187,99.0184889294682,"non-primary","non-primary",275,3,0,7,1.09090909090909,0,2.54545454545455,3069,4,0,9,0.130335614206582,0,0.309143637962007,0.426279602750191,0,1.19045072574484,8,7,21,21,253.818181818182,99.7067448680352,"non-primary","non-primary"
"Krefftichthys anderssoni",246,8,3,13,3.2520325203252,1.21951219512195,5.28455284552846,4381,11,3,21,0.251084227345355,0.0742168929107704,0.477086533538146,0.223390727596541,0.0744299102470066,0.422322405356694,15,15,13,13,334.959349593496,98.5619721524766,"non-primary","non-primary",275,6,2,11,2.18181818181818,0.727272727272727,4,3069,12,3,23,0.391006842619746,0.0923836606936817,0.756187828203048,0.18998487375636,0.0277000777000777,0.41056071755642,11,14,17,13,248,97.6539589442815,"non-primary","non-primary"
"Lampichthys procerus",246,3,0,7,1.21951219512195,0,2.84552845528455,4381,4,0,10,0.0913033553983109,0,0.214005781522863,0.0530391018195896,0,0.128919860627178,10,7,19,19,346.341463414634,99.6119607395572,"non-primary","non-primary",275,2,0,5,0.727272727272727,0,1.81818181818182,3069,3,0,8,0.0977517106549365,0,0.261211892164273,0.0579322638146167,0,0.165196078431372,6,6,22,22,254.545454545455,99.8044965786901,"non-primary","non-primary"
"Lampichthys procerus ",246,1,0,4,0.40650406504065,0,1.6260162601626,4381,2,0,8,0.0456516776991554,0,0.167382060544177,0.0140173815531259,0,0.0560695262125035,3,6,27,24,351.219512195122,99.9315224834513,"non-primary","non-primary",NA,NA,NA,NA,NA,NA,NA,NA,NA,NA,NA,NA,NA,NA,NA,NA,NA,NA,NA,NA,NA,NA,NA,NA,NA
"Maurolicus muelleri",246,7,2,12,2.84552845528455,0.813008130081301,4.8780487804878,4381,7,2,12,0.159780871947044,0.0478305874974823,0.274093268982164,0.373922079953319,0.0809203264063717,0.764705506378038,14,10,14,17,337.80487804878,99.3608765122118,"non-primary","non-primary",NA,NA,NA,NA,NA,NA,NA,NA,NA,NA,NA,NA,NA,NA,NA,NA,NA,NA,NA,NA,NA,NA,NA,NA,NA
"Metelectrona ventralis",246,103,89.475,117,41.869918699187,36.4494773519164,47.5609756097561,4381,732,494.375,1105.05,16.7085140378909,12.0456176336959,23.1055179297626,12.2058165005905,9.87860410649369,14.678146205678,25,25,3,3,189.837398373984,72.4720383474093,"primary","primary",275,43,32,56,15.6363636363636,11.6363636363636,20.3636363636364,3069,153,92,236.05,4.98533724340176,2.94961854297571,7.79537086353426,4.26789791879861,2.69827925187572,6.09427981200866,22,21,7,7,197.090909090909,89.3124796350603,"primary","non-primary"
"Notothenia squamifrons",246,3,0,6,1.21951219512195,0,2.4390243902439,4381,4,0,9,0.0913033553983109,0,0.20856242813107,0.377710027100271,0,0.975609756097561,9,9,18,20,345.121951219512,99.7032640949555,"non-primary","non-primary",275,8,3,14,2.90909090909091,1.09090909090909,5.09090909090909,3069,28,5,62,0.912349299446074,0.163111307842139,2.05784865540963,2.13911845730028,0.660709366391185,4.18842975206611,15,16,13,12,238.181818181818,97.2629521016618,"non-primary","non-primary"
"Paralepis atlantica",246,11,5,17,4.47154471544715,2.03252032520325,6.91056910569106,4381,14,7,23,0.319561743894088,0.149698204227969,0.525195427447163,0.933719791267968,0.173177903378187,2.13821114353741,16,16,12,12,331.707317073171,98.3108879251313,"non-primary","non-primary",275,6,2,11,2.18181818181818,0.727272727272727,4,3069,9,2,17,0.293255131964809,0.0644305733357006,0.558581339085318,0.210558377310295,0.0280486019616454,0.426481911955058,12,11,16,17,245.818181818182,98.989898989899,"non-primary","non-primary"
"Paralepis sp.",246,1,0,3,0.40650406504065,0,1.21951219512195,4381,1,0,3,0.0228258388495777,0,0.0680978936829024,0.0193573364305072,0,0.0580720092915215,5,2,23,26,349.593495934959,99.9771741611504,"non-primary","non-primary",NA,NA,NA,NA,NA,NA,NA,NA,NA,NA,NA,NA,NA,NA,NA,NA,NA,NA,NA,NA,NA,NA,NA,NA,NA
"Protomyctophum bolini",246,5,1,10,2.03252032520325,0.40650406504065,4.0650406504065,4381,10,1,26.525,0.228258388495777,0.0234079979918424,0.563888888888889,0.135309786848727,0.0119560019129603,0.326310274327044,13,13,15,14,339.837398373984,98.7902305409724,"non-primary","non-primary",275,6,2,11,2.18181818181818,0.727272727272727,4,3069,10,2.475,19,0.325839035516455,0.0828944509809224,0.636610657681143,0.562924109413673,0.0526766718417572,1.45569135165909,10,13,18,16,250.181818181818,98.6966438579342,"non-primary","non-primary"
"Protomyctophum choriodon",246,17,9.475,24,6.91056910569106,3.86736971877916,9.75609756097561,4381,34,15.475,58.525,0.776078520885643,0.355948390004489,1.28569181266351,1.0733781591986,0.408063792742103,1.93526454738579,18,19,10,9,320.731707317073,96.7130792056608,"non-primary","non-primary",275,13,7,21,4.72727272727273,2.54545454545455,7.63636363636364,3069,35,11,66.525,1.14043662430759,0.37457993284492,2.22157348880612,0.673274770868354,0.262101204828478,1.21616457740121,17,17,11,11,230.909090909091,96.3506028022157,"non-primary","non-primary"
"Protomyctophum tenisoni",246,30,20,42,12.1951219512195,8.13008130081301,17.0731707317073,4381,80,43.475,125.525,1.82606710796622,0.99473626343421,3.02535923822352,2.3458776446152,1.3022705690553,3.71286802506516,20,21,8,7,304.878048780488,94.3391919653047,"non-primary","non-primary",275,38,27,50,13.8181818181818,9.81818181818182,18.1818181818182,3069,167,90.475,259.05,5.4415118931248,2.91091776885769,8.48287204714393,3.88737653230497,2.4651876474337,5.44373096902949,20,22,8,6,210.909090909091,84.3271423916585,"non-primary","non-primary"
"Protomytophum bolini",246,1,0,3,0.40650406504065,0,1.21951219512195,4381,8,0,24,0.182606710796622,0,0.59150824160205,0.141392718275009,0,0.424178154825026,4,12,24,16,350,99.2010956402648,"non-primary","non-primary",NA,NA,NA,NA,NA,NA,NA,NA,NA,NA,NA,NA,NA,NA,NA,NA,NA,NA,NA,NA,NA,NA,NA,NA,NA
"Scopelosaurus ahlstromi",246,22,13,30,8.94308943089431,5.28455284552846,12.2212543554007,4381,29,15.475,44,0.661949326637754,0.364015651789494,1.03166212759096,0.72160663583356,0.404730576550569,1.10563588877918,19,18,9,10,313.821138211382,97.3750285322986,"non-primary","non-primary",275,4,1,8,1.45454545454545,0.363636363636364,2.90909090909091,3069,5,1,11,0.162919517758227,0.0325226307220508,0.352302011673033,0.0820145946010039,0.00982800982800983,0.172983452166966,9,9,19,20,251.636363636364,99.5764092538286,"non-primary","non-primary"
"Sternoptychidae",246,3,0,7,1.21951219512195,0,2.84552845528455,4381,4,0,10,0.0913033553983109,0,0.223069932082866,0.0346190806564238,0,0.0854320887865051,8,8,20,21,347.560975609756,99.7945674503538,"non-primary","non-primary",275,3,0,7,1.09090909090909,0,2.54545454545455,3069,5,0,13.525,0.162919517758227,0,0.429153837428552,0.760330578512397,0,1.91735537190083,7,8,20,19,252.727272727273,99.4134897360704,"non-primary","non-primary"
"Symbolophorus boops",246,16,9,24,6.50406504065041,3.65853658536585,9.75609756097561,4381,27,13,41,0.616297648938599,0.293283419449161,0.953230092574536,0.591232691037043,0.219707831173228,1.04265963797922,17,17,11,11,327.235772357724,97.9913261812372,"non-primary","non-primary",275,7,3,13,2.54545454545455,1.09090909090909,4.72727272727273,3069,10,3,20,0.325839035516455,0.0975465060957636,0.65105979626687,0.203845393500566,0.0654247779247779,0.383997875377186,13,12,15,15,243.636363636364,98.3708048224177,"non-primary","non-primary"
"Cephalopod",NA,NA,NA,NA,NA,NA,NA,NA,NA,NA,NA,NA,NA,NA,NA,NA,NA,NA,NA,NA,NA,NA,NA,NA,NA,275,12,6,19,4.36363636363636,2.18978102189781,6.90909090909091,3069,12,6,19,0.391006842619746,0.202356209163988,0.672165612074397,4.36363636363636,2.18978102189781,6.90909090909091,16,15,12,14,235.272727272727,98.0449657869013,"non-primary","non-primary"
"Gymnoscopelus braueri",NA,NA,NA,NA,NA,NA,NA,NA,NA,NA,NA,NA,NA,NA,NA,NA,NA,NA,NA,NA,NA,NA,NA,NA,NA,275,1,0,3,0.363636363636364,0,1.09090909090909,3069,1,0,3,0.0325839035516455,0,0.109845670225958,0.025974025974026,0,0.0779220779220779,2,4,25,27,256,100,"non-primary","non-primary"
"Lepidonotothen larseni",NA,NA,NA,NA,NA,NA,NA,NA,NA,NA,NA,NA,NA,NA,NA,NA,NA,NA,NA,NA,NA,NA,NA,NA,NA,275,1,0,4,0.363636363636364,0,1.45454545454545,3069,1,0,4,0.0325839035516455,0,0.126556451109028,0.121212121212121,0,0.484848484848485,3,1,27,24,256.727272727273,99.9022482893451,"non-primary","non-primary"
"Penguin",NA,NA,NA,NA,NA,NA,NA,NA,NA,NA,NA,NA,NA,NA,NA,NA,NA,NA,NA,NA,NA,NA,NA,NA,NA,275,8,3,14,2.90909090909091,1.09090909090909,5.09090909090909,3069,8,3,14,0.260671228413164,0.088536679518852,0.458716689692941,2.90909090909091,1.09090909090909,5.09090909090909,14,10,14,18,241.090909090909,99.2505702183121,"non-primary","non-primary"
